<?xml version="1.0"?>
<!--
** DO NOT EDIT THIS FILE.
** If you make changes to this file while any VirtualBox related application
** is running, your changes will be overwritten later, without taking effect.
** Use VBoxManage or the VirtualBox Manager GUI to make changes.
-->
<VirtualBox xmlns="http://www.innotek.de/VirtualBox-settings" version="1.12-windows">
  <Global>
    <ExtraData>
      <ExtraDataItem name="GUI/DetailsPageBoxes" value="general,preview,system,display,storage,audio,network,usb,sharedFolders,description"/>
    </ExtraData>
    <MachineRegistry>
      <MachineEntry uuid="{1bd45892-8a58-4994-a919-bfe9ec64d56e}" src="C:\Users\Mike\AppData\Local\Genymobile\Genymotion\Genymobile\Genymotion\deployed\Samsung Galaxy S4 - 4.4.4 - API 19 - 1080x1920\Samsung Galaxy S4 - 4.4.4 - API 19 - 1080x1920.vbox"/>
    </MachineRegistry>
    <MediaRegistry>
      <HardDisks/>
      <DVDImages/>
      <FloppyImages/>
    </MediaRegistry>
    <NetserviceRegistry>
      <DHCPServers>
        <DHCPServer networkName="HostInterfaceNetworking-VirtualBox Host-Only Ethernet Adapter" IPAddress="192.168.56.100" networkMask="255.255.255.0" lowerIP="192.168.56.101" upperIP="192.168.56.254" enabled="1"/>
      </DHCPServers>
    </NetserviceRegistry>
    <SystemProperties defaultMachineFolder="C:\Users\Mike\VirtualBox VMs" defaultHardDiskFormat="VDI" VRDEAuthLibrary="VBoxAuth" webServiceAuthLibrary="VBoxAuth" LogHistoryCount="3" exclusiveHwVirt="false"/>
    <USBDeviceFilters/>
  </Global>
</VirtualBox>
